{"BMDKP": [6.059054136276245, 3.507344961166382, 11.711216688156128, 7.197782039642334, 14.181068181991577, 6.77719783782959, 48.62159991264343, 11.998610973358154, 16.94770908355713, 22.573225021362305, 22.438393115997314, 5.167079210281372, 3.1410388946533203, 18.17922306060791, 5.920217037200928, 4.461660861968994], "SCP": [11.965412139892578, 0.46234989166259766, 0.4954400062561035, 0.29850220680236816, 1.199267864227295, 2.0892980098724365, 0.755342960357666, 9.746983051300049, 2.0103888511657715, 0.9662268161773682, 4.577937841415405, 8.252948999404907, 41.86593675613403, 4.286855936050415, 32.82018685340881, 2.004629135131836], "CFLP": [38.156909227371216, 64.29941773414612, 78.29342126846313, 27.05598735809326, 32.141953229904175, 21.93631911277771, 44.56036114692688, 69.06251215934753, 19.607737064361572, 35.774357080459595, 73.42473602294922, 131.23283982276917, 132.5317199230194, 68.1480131149292, 29.991827964782715, 54.634522914886475]}