{"IGAP(n=64, m=12)": [33.95296329199846, 36.500317833000736, 0.0810951669991482, 0.09715683400281705, 649.330116000001, 0.07043974999760394, 0.35315300000002026, 0.04886254200027906, 0.03600120899864123, 0.06422962499709683, 0.7677669999975478, 0.2008902500019758, 0.20130929200240644, 0.53965291699933, 0.4683807080000406, 9.558424833001482], "BMDKP(n=128, m=8)": [15.164943291001691, 36.486778540998785, 53.344780499999615, 37.81329466700117, 88.24044170900015, 9.020842042002187, 152.18658454199976, 1272.7571735409983, 17.086437040998135, 6.733714917001635, 78.13634212499892, 69.93589037499987, 46.23671658300009, 5.191852959000244, 63.430858374998934, 79.2181396670021], "SCP(n=1024, m=128)": [0.10269737499766052, 0.10903574999974808, 0.10302787499676924, 0.10307054099757806, 0.1039859999982582, 0.10355837500173948, 0.1033245420003368, 0.11880916699738009, 0.17060562500046217, 0.11002270799872349, 0.10541849999935948, 0.10479654200025834, 0.10548245799873257, 0.11693116700189421, 0.10471658300230047, 0.11173712500021793], "UFL(n=256, m=64)": [27.463276583999686, 38.25265454199689, 27.542488292001508, 27.885451292000653, 28.207547917001648, 36.25552737500038, 27.261342666999553, 27.87142266600131, 30.353103416000522, 27.66686295799809, 27.29557641700012, 70.33386333299859, 27.587408125000366, 34.89707412500138, 36.03928270799952, 27.7504965420012], "MC(n=96)": [30.266833290999784, 32.66015229199911, 28.370790750002925, 29.637919707998662, 26.952404874999047, 27.88999870800035, 39.7895545829997, 26.258138666999002, 30.60642133299916, 22.78742187500029, 25.245272125001065, 31.44316599999729, 28.2235299999993, 35.67895675000182, 27.494724207997933, 40.312679042002856], "ETSP(n=12)": [1.8159278330022062, 2.276330667002185, 2.792898250001599, 1.999652167000022, 0.8340993749989138, 12.495803833000537, 4.74247912500141, 1.0992229160001443, 13.727307332999771, 0.024672999999893364, 0.41666529099893523, 6.2370218750002095, 5.931448166997143, 5.462827250001283, 2.936616791997949, 7.571129166000901], "BP(n=128, m=8)": [0.7801901669990912, 52.52248150000014, 0.8085983330020099, 0.8230823339981725, 73.61815470800138, 0.8781250829997589, 0.7961281249990861, 0.6012532919994555, 0.8995002080009726, 2.571764249998523, 1.575914125001873, 0.5263453749976179, 0.9600477919993864, 46.84756112499963, 1.1621720419971098, 1.256937875001313], "ULS(n=32)": [3.458839333998185, 9.327673333998973, 33.69000683400009, 43.130539291003515, 40.13273054199817, 2.4068455409978924, 2.6186206669990497, 450.639838375002, 12.888068541000393, 5.875074207997386, 2.554428250001365, 205.0127609580013, 9.433267125001294, 10.597608791998937, 5.370976624999457, 3.110738625000522]}