{"BMDKP": [53.282719135284424, 14.347945928573608, 30.71167802810669, 66.70849919319153, 52.827247858047485, 29.961984157562256, 148.88750410079956, 78.64313912391663, 42.80903100967407, 58.3166880607605, 73.81884288787842, 30.017289876937866, 16.643567085266113, 36.48010492324829, 16.827942848205566, 9.052031993865967], "SCP": [91.52496004104614, 5.818358898162842, 10.59597897529602, 12.069229125976562, 79.03003096580505, 14.802994966506958, 8.36585283279419, 98.81238913536072, 28.543837070465088, 10.65933084487915, 327.7252149581909, 27.487317085266113, 61.36731219291687, 8.148075819015503, 75.14706802368164, 34.552207231521606], "CFLP": [46.750717878341675, 97.6830472946167, 275.439786195755, 129.67313480377197, 125.44367718696594, 27.977370023727417, 72.05859899520874, 174.28860211372375, 29.82106590270996, 118.78298711776733, 94.46431088447571, 233.2190318107605, 281.50456714630127, 88.16314601898193, 100.1869866847992, 68.44078803062439]}