{"BMDKP": [2.7002899646759033, 0.25365591049194336, 0.6390130519866943, 0.6193921566009521, 0.733039140701294, 0.4185359477996826, 2.158353090286255, 0.770075798034668, 0.8776290416717529, 1.7802417278289795, 1.2633111476898193, 0.2934873104095459, 0.24469971656799316, 1.2046678066253662, 0.4243471622467041, 0.2867012023925781], "SCP": [2.2962260246276855, 0.06946873664855957, 0.0926520824432373, 0.016021013259887695, 0.09970831871032715, 0.05780506134033203, 0.04700112342834473, 0.7184550762176514, 0.24156594276428223, 0.03510880470275879, 0.21402406692504883, 0.662938117980957, 2.7921080589294434, 0.18474602699279785, 2.2139337062835693, 0.20937633514404297], "CFLP": [13.992913007736206, 25.80583882331848, 14.850184917449951, 3.640476942062378, 7.980940580368042, 14.11633586883545, 13.816946983337402, 13.955418109893799, 9.755177974700928, 6.017978191375732, 27.53461980819702, 37.38205003738403, 25.801995992660522, 28.179709911346436, 6.862024307250977, 24.861573696136475]}